filename,label
audio_128.wav,3.3108333333333326
audio_156.wav,3.959583333333335
audio_19.wav,3.4791666666666674
audio_108.wav,2.671458333333335
audio_206.wav,3.294375
audio_161.wav,2.935208333333334
audio_215.wav,2.962291666666667
audio_213.wav,3.054791666666666
audio_11.wav,3.408125000000002
audio_155.wav,3.3908333333333336
audio_39.wav,3.726041666666668
audio_168.wav,3.270625
audio_133.wav,2.9679166666666674
audio_28.wav,3.2783333333333324
audio_40.wav,3.661666666666668
audio_181.wav,2.877291666666665
audio_201.wav,2.639583333333333
audio_182.wav,2.791875000000002
audio_126.wav,2.9824999999999995
audio_10.wav,2.8377083333333335
audio_134.wav,2.4908333333333332
audio_69.wav,3.1118749999999995
audio_112.wav,3.125416666666666
audio_180.wav,3.3474999999999993
audio_177.wav,3.146875
audio_77.wav,4.057916666666667
audio_111.wav,2.9904166666666665
audio_18.wav,3.044791666666666
audio_175.wav,3.1070833333333336
audio_33.wav,3.7829166666666696
audio_15.wav,2.972500000000002
audio_4.wav,3.9424999999999972
audio_27.wav,3.1250000000000004
audio_96.wav,2.9491666666666676
audio_116.wav,2.9977083333333336
audio_1.wav,3.0475000000000017
audio_22.wav,3.533541666666666
audio_114.wav,2.9870833333333344
audio_146.wav,2.8154166666666667
audio_46.wav,4.053750000000001
audio_144.wav,3.1552083333333325
audio_75.wav,3.8252083333333338
audio_200.wav,3.095833333333332
audio_196.wav,2.788333333333335
audio_190.wav,3.1629166666666686
audio_158.wav,3.106249999999999
audio_17.wav,2.6620833333333342
audio_105.wav,3.065833333333333
audio_141.wav,2.988541666666665
audio_129.wav,3.4618749999999987
audio_6.wav,3.8689583333333335
audio_70.wav,4.069374999999999
audio_35.wav,3.4752083333333337
audio_203.wav,2.686041666666666
audio_90.wav,4.208333333333333
audio_16.wav,2.9047916666666658
audio_138.wav,3.162916666666668
audio_100.wav,3.1466666666666656
audio_115.wav,2.6660416666666658
audio_118.wav,3.416875
audio_137.wav,3.2697916666666655
audio_101.wav,3.1739583333333328
audio_193.wav,3.1827083333333324
audio_102.wav,3.287916666666667
audio_52.wav,3.174166666666667
audio_172.wav,3.295
audio_191.wav,3.128125
audio_194.wav,3.2677083333333337
audio_67.wav,2.918125000000002
audio_160.wav,3.1975000000000007
audio_179.wav,2.9075000000000024
audio_55.wav,3.2831250000000005
audio_145.wav,2.904583333333332
audio_197.wav,2.641458333333334
audio_139.wav,2.737500000000001
audio_91.wav,3.2881250000000004
audio_8.wav,3.158541666666666
audio_136.wav,3.2443750000000007
audio_199.wav,2.915416666666667
audio_110.wav,3.3149999999999995
audio_208.wav,3.174374999999999
audio_152.wav,3.2343750000000004
audio_94.wav,3.840208333333334
audio_174.wav,3.2287499999999993
audio_23.wav,3.058958333333334
audio_56.wav,3.186874999999999
audio_97.wav,2.9768750000000006
audio_148.wav,3.0141666666666658
audio_59.wav,2.9118750000000007
audio_5.wav,3.0281249999999993
audio_119.wav,2.8299999999999996
audio_80.wav,4.027708333333333
audio_58.wav,3.4389583333333325
audio_123.wav,3.087499999999999
audio_188.wav,3.0574999999999983
audio_121.wav,2.952083333333334
audio_107.wav,3.1381249999999996
audio_214.wav,3.2206249999999987
audio_73.wav,4.018125
audio_169.wav,3.225208333333333
audio_7.wav,3.069791666666666
audio_42.wav,3.2664583333333352
audio_88.wav,3.4189583333333324
audio_64.wav,2.84625
audio_195.wav,3.301458333333333
audio_57.wav,3.1768749999999994
audio_13.wav,3.023958333333331
audio_125.wav,3.018958333333334
audio_209.wav,3.0249999999999995
audio_211.wav,3.3181250000000015
audio_63.wav,3.1016666666666675
audio_86.wav,4.404166666666666
audio_78.wav,3.938333333333332
audio_38.wav,3.5491666666666664
audio_186.wav,2.9872916666666676
audio_154.wav,3.4254166666666674
audio_21.wav,2.8277083333333337
audio_120.wav,2.9108333333333345
audio_183.wav,3.178125000000002
audio_25.wav,3.1870833333333324
audio_122.wav,2.9418749999999987
audio_36.wav,3.843541666666667
audio_76.wav,4.239374999999999
audio_163.wav,2.884374999999999
audio_83.wav,3.7968750000000036
audio_103.wav,3.039166666666666
audio_93.wav,3.0864583333333337
audio_26.wav,3.167708333333333
audio_72.wav,3.987916666666666
audio_210.wav,3.383333333333332
audio_104.wav,2.949375000000001
audio_81.wav,3.9862499999999983
audio_166.wav,3.1941666666666673
audio_202.wav,2.8079166666666664
audio_185.wav,2.71
audio_9.wav,2.922708333333333
audio_207.wav,3.291874999999999
audio_127.wav,2.8729166666666672
audio_12.wav,3.888958333333333
audio_132.wav,2.927916666666667
audio_109.wav,2.7683333333333344
audio_32.wav,3.835833333333337
audio_178.wav,4.073958333333332
audio_61.wav,3.0866666666666656
audio_34.wav,3.625416666666668
audio_106.wav,3.0231250000000016
audio_49.wav,4.035000000000003
audio_149.wav,2.8906250000000004
audio_30.wav,3.9510416666666663
audio_131.wav,3.0099999999999993
audio_162.wav,2.910625
audio_204.wav,3.4460416666666687
audio_198.wav,3.149583333333333
audio_135.wav,2.6931249999999993
audio_187.wav,2.844583333333333
audio_3.wav,3.04125
audio_98.wav,3.0975
audio_159.wav,3.1827083333333337
audio_167.wav,3.3324999999999996
audio_205.wav,3.348749999999999
audio_95.wav,2.9237499999999996
audio_68.wav,3.140208333333334
audio_31.wav,3.9008333333333325
audio_157.wav,3.7468749999999984
audio_89.wav,3.907499999999999
audio_82.wav,3.7435416666666663
audio_53.wav,3.1075
audio_37.wav,3.8835416666666656
audio_113.wav,3.4337499999999994
audio_85.wav,4.310416666666667
audio_173.wav,3.500625
audio_41.wav,3.9522916666666674
audio_51.wav,3.127291666666667
audio_143.wav,3.0783333333333327
audio_92.wav,3.229791666666667
audio_74.wav,3.7104166666666667
audio_0.wav,2.9589583333333347
audio_147.wav,3.7860416666666663
audio_130.wav,2.9125000000000005
audio_192.wav,2.8164583333333324
audio_43.wav,4.109583333333333
audio_65.wav,3.0081249999999993
audio_14.wav,3.0022916666666672
audio_117.wav,3.1277083333333335
audio_212.wav,3.0874999999999995
audio_79.wav,3.8354166666666645
audio_171.wav,2.723958333333334
audio_60.wav,3.030208333333333
audio_153.wav,3.6258333333333326
audio_176.wav,3.6404166666666664
audio_2.wav,2.8420833333333326
audio_50.wav,3.7650000000000006
audio_29.wav,3.537500000000001
audio_142.wav,3.0277083333333326
audio_47.wav,3.1743749999999995
audio_84.wav,3.915416666666668
audio_164.wav,3.1479166666666663
audio_48.wav,3.839583333333332
audio_189.wav,3.3837500000000005
audio_151.wav,3.4660416666666665
audio_66.wav,2.784791666666667
audio_44.wav,3.263333333333333
audio_150.wav,2.8170833333333327
audio_87.wav,3.338958333333332
audio_99.wav,2.9304166666666673
audio_62.wav,3.1364583333333336
audio_20.wav,2.936458333333334
audio_124.wav,3.0458333333333307
audio_54.wav,3.4716666666666676
audio_45.wav,4.091666666666668
audio_71.wav,4.0408333333333335
audio_184.wav,3.309791666666665
audio_24.wav,2.4387499999999998
audio_140.wav,3.504375000000002
audio_165.wav,3.1618750000000007
audio_170.wav,2.7914583333333325
